GeneID,baseMean,log2FoldChange,lfcSE,stat,pvalue,padj,pan_gene_symbol,product,TIGRFAM Meta Role,TIGRFAM Main Role,TIGRFAM Sub Role,TIGRFAM function,TIGRFAM,TIGRFAM HMM score
SAUSA300_RS00480,91.83719211741773,1.647268373330805,0.18658617791827586,3.4690049421254896,5.223898443850806e-4,0.01175778988208266,-,flavodoxin family protein,Metabolism,Central intermediary metabolism,Sulfur metabolism,FMN reductase,TIGR03567,18.5
SAUSA300_RS00710,441.24596317381634,-1.611880276822909,0.15074735668901776,-4.058978480698532,4.928785496112294e-5,0.00123261763774569,sasD,hypothetical protein,Cell structure,Cell envelope,Other,LPXTG cell wall anchor domain,TIGR01167,20.7
SAUSA300_RS00895,9177.19755187232,3.4367304857072454,0.11532146685738016,21.12989499796068,4.224856536610792e-99,6.50627906638062e-97,aldA,aldehyde dehydrogenase,Cellular processes,Cellular processes,Adaptations to atypical conditions,betaine-aldehyde dehydrogenase,TIGR01804,518.9
SAUSA300_RS00910,9635.844565550964,2.0574281880370493,0.11001048762292866,9.612067093652783,7.1106904929871285e-22,3.200904674227744e-20,-,hypothetical protein,NA,NA,NA,NA,NA,NA
SAUSA300_RS00915,7991.660112813804,2.6934469339131537,0.15454348837518136,10.957737215055058,6.100564753544807e-28,3.0776297360124316e-26,ssuB,sulfonate ABC transporter ATP-binding protein,Metabolism,Transport and binding proteins,Anions; Other,"nitrate ABC transporter, ATP-binding proteins C and D",TIGR01184,210.1
SAUSA300_RS00920,8433.73892793631,2.6369298213110444,0.1332308102278566,12.286420975084534,1.0714563482114907e-34,6.270162549733644e-33,ssuA,hypothetical protein,Metabolism,Transport and binding proteins,Other,"ABC transporter, substrate-binding protein, aliphatic sulfonates family",TIGR01728,77.6
SAUSA300_RS00925,6345.895102890774,2.7089746881076957,0.12790103576821793,13.36169545338708,1.0123180591433583e-40,6.731915093303333e-39,ssuC,ABC transporter permease,Metabolism,Transport and binding proteins,Anions,"nitrate ABC transporter, permease protein",TIGR01183,140.3
SAUSA300_RS00930,10805.074133284948,2.58531617205241,0.11547837909867581,13.728250988851892,6.877373323733976e-43,4.791236748868003e-41,-,acyl-CoA dehydrogenase,Metabolism,Central intermediary metabolism,Sulfur metabolism,"sulfur acquisition oxidoreductase, SfnB family",TIGR04022,21.7
SAUSA300_RS00935,11190.143608271925,1.4955617833408106,0.08523898698189378,5.813792501382922,6.107311056994746e-9,1.8050497124006697e-7,-,hypothetical protein,NA,NA,NA,conserved hypothetical protein,TIGR01741,15.5
SAUSA300_RS00940,25752.347002238435,7.5944056738441,0.2173486983871745,30.340212399602887,3.3824348948102554e-202,1.9794009004429615e-199,fdh,formate dehydrogenase,Metabolism,Amino acid biosynthesis,Serine family,phosphoglycerate dehydrogenase,TIGR01327,203.4
SAUSA300_RS00950,2366.2881520147603,-1.3687289891807635,0.06714631663147246,-5.491425407658696,3.9870271047902786e-8,1.1110515532015576e-6,ausA,non-ribosomal peptide synthetase,NA,NA,NA,amino acid adenylation domain,TIGR01733,742.4
SAUSA300_RS01010,1088.9771074412267,2.499910134413773,0.16195474752484884,9.261291548021095,2.019741019414841e-20,8.690826798246801e-19,mupG,hypothetical protein,NA,NA,NA,quinoprotein dehydrogenase-associated SoxYZ-like carrier,TIGR04557,12.1
SAUSA300_RS01015,422.29350970680207,2.860389985569815,0.29982924249837967,6.204831690424156,5.475547161024284e-10,1.6689011451205268e-8,murQ,N-acetylmuramic acid 6-phosphate etherase,Cell structure,Cell envelope,Biosynthesis and degradation of murein sacculus and peptidoglycan,N-acetylmuramic acid 6-phosphate etherase,TIGR00274,352.6
SAUSA300_RS01055,2008.3372273259004,1.6603590472181469,0.15219810852410182,4.33881244400336,1.4325471219087507e-5,3.7094096271725704e-4,-,ABC transporter ATP-binding protein,Metabolism,Transport and binding proteins,Cations and iron carrying compounds,nickel import ATP-binding protein NikD,TIGR02770,447.4
SAUSA300_RS01060,1053.176951564819,1.6188012277867727,0.17210683737196625,3.5954482531649066,3.238334959639043e-4,0.007460919757404599,-,ABC transporter permease,Metabolism,Transport and binding proteins,Cations and iron carrying compounds,"nickel ABC transporter, permease subunit NikB",TIGR02789,205.4
SAUSA300_RS01065,988.0794058230492,1.5425128458919306,0.17833133924106997,3.042162124732079,0.0023488534714173337,0.04909103755262227,-,ABC transporter permease,Metabolism,Transport and binding proteins,Cations and iron carrying compounds,"nickel ABC transporter, permease subunit NikC",TIGR02790,222.4
SAUSA300_RS01085,1099.1933880773615,-1.447670347059822,0.11651228031682158,-3.8422589090395576,1.2190713922614508e-4,0.0029000023526479716,azoR,FMN-dependent NADH-azoreductase,NA,NA,NA,"LLM-partnered FMN reductase, CE1759 family",TIGR04037,15.3
SAUSA300_RS01135,441.7927686923604,1.875076543459683,0.19753652655785403,4.429948013707696,9.425580707132912e-6,2.484617040456838e-4,uhpT,hexose phosphate transporter,Metabolism,Transport and binding proteins,"Carbohydrates, organic alcohols, and acids",phosphoglycerate transporter family protein,TIGR00881,357.1
SAUSA300_RS01185,199.87525529527574,2.145167281774374,0.22024170889082129,5.19959315400181,1.997252112441e-7,5.51316951037959e-6,NA,hypothetical protein,NA,NA,NA,NA,NA,NA
SAUSA300_RS01195,8023.397146142812,3.004507607572284,0.1665093575006724,12.03840815711627,2.2322141480583072e-33,1.280678156317374e-31,fadA,acetyl-CoA acetyltransferase,Metabolism,Fatty acid and phospholipid metabolism,Other,acetyl-CoA C-acyltransferase,TIGR01930,454.8
SAUSA300_RS01200,12608.795218463032,2.8120986668724277,0.16287509532608607,11.125695203704984,9.406965077033501e-29,5.004505420981823e-27,fadB,3-hydroxyacyl-CoA dehydrogenase,NA,NA,NA,"fatty acid oxidation complex, alpha subunit, mitochondrial",TIGR02441,175
SAUSA300_RS01205,8281.625066270848,2.9834660913884226,0.14859613567817495,13.348032789252029,1.2161835487395804e-40,7.907895696915583e-39,fadD,glutaryl-CoA dehydrogenase,NA,NA,NA,cyclohexanecarboxyl-CoA dehydrogenase,TIGR03207,73
SAUSA300_RS01210,10074.991148138626,2.441896921519196,0.13625085789886937,10.58266306542765,3.586178312901075e-26,1.778501312465855e-24,fadE,long-chain-fatty-acid--CoA ligase,Metabolism,"Biosynthesis of cofactors, prosthetic groups, and carriers",Menaquinone and ubiquinone,O-succinylbenzoate-CoA ligase,TIGR01923,271.9
SAUSA300_RS01215,16720.977101015098,2.4930124814277326,0.10483374718913953,14.241716255110685,5.047209804374829e-46,3.6920339719001875e-44,fadX,acyl CoA:acetate/3-ketoacid CoA transferase,NA,NA,NA,"3-oxoacid CoA-transferase, A subunit",TIGR02429,39.3
SAUSA300_RS01260,2542.151921053898,3.584406353374025,0.1369801820280116,18.867009191486765,2.1301841173237386e-79,2.7099646640388084e-77,glcC,PTS glucose transporter subunit IIB,Metabolism,Transport and binding proteins,"Carbohydrates, organic alcohols, and acids","PTS system, glucose-specific IIBC component",TIGR02002,591.6
SAUSA300_RS01675,3273.1536768302303,6.4466873117340295,0.1642930911481173,33.15226023000326,5.254149713255182e-241,7.686821030492332e-238,nanT,hypothetical protein,Metabolism,Transport and binding proteins,Cations and iron carrying compounds,"transporter, solute:sodium symporter (SSS) family",TIGR00813,220.4
SAUSA300_RS01680,2730.4818116953934,7.310175605763665,0.1925422590781082,32.772938449859105,1.431075371258123e-235,1.3957755121004228e-232,nanA,N-acetylneuraminate lyase,Cell structure; Metabolism,Cell envelope; Central intermediary metabolism,Biosynthesis and degradation of surface polysaccharides and lipopolysaccharides; Amino sugars,N-acetylneuraminate lyase,TIGR00683,367.8
SAUSA300_RS01685,593.7574223754178,4.684519382187432,0.19694660009114562,18.70821522423977,4.2434969438885253e-78,4.96658882312713e-76,nanK,ROK family protein,NA,Unknown function,General,ROK family protein (putative glucokinase),TIGR00744,112.5
SAUSA300_RS01690,1061.6693753654245,1.8651709793733213,0.10205315938522172,8.477650124554659,2.2978775929466904e-17,9.338319218002799e-16,nanR,MurR/RpiR family transcriptional regulator,NA,NA,NA,6-phospho 3-hexuloisomerase,TIGR03127,73.6
SAUSA300_RS01695,1642.8807204289808,3.951364240172181,0.1193049831704388,24.73797960271173,4.1762413355525124e-135,1.1108801952569682e-132,nanE,N-acetylmannosamine-6-phosphate 2-epimerase,NA,NA,NA,3-hexulose-6-phosphate synthase,TIGR03128,28.3
SAUSA300_RS01755,643.5595234869107,2.270950282850136,0.13969954432802906,9.097741076848557,9.223006271076855e-20,3.911089325966794e-18,ulaA,PTS ascorbate transporter subunit IIC,NA,NA,NA,NA,NA,NA
SAUSA300_RS01760,136.90563633094564,2.5251842397691746,0.1885944193652695,8.087112253386454,6.1095954008846055e-16,2.3835568190651142e-14,-,PTS lactose transporter subunit IIB,NA,NA,NA,NA,NA,NA
SAUSA300_RS01765,194.1769602848635,3.323787048889994,0.2465324829001929,9.425885877402875,4.264899989066345e-21,1.8625518459713618e-19,-,PTS ascorbate transporter subunit IIA,Metabolism; Signal transduction,Transport and binding proteins; Signal transduction,"Carbohydrates, organic alcohols, and acids; PTS","PTS system, fructose subfamily, IIA component",TIGR00848,32.7
SAUSA300_RS01770,915.5746008742942,3.144228040391896,0.116208720278985,18.4515244229882,5.069468631880525e-76,5.7051020064932365e-74,-,hypothetical protein,Metabolism; Signal transduction,Transport and binding proteins; Signal transduction,"Carbohydrates, organic alcohols, and acids; PTS","PTS system, fructose subfamily, IIA component",TIGR00848,27.5
SAUSA300_RS01790,1384.037181107507,2.7574706205215804,0.12168360938939972,14.442952747214283,2.7768623586338025e-47,2.1959727733412178e-45,glpT,glycerol-3-phosphate transporter,Metabolism,Transport and binding proteins,Other,glycerol-3-phosphate transporter,TIGR00712,666.5
SAUSA300_RS02035,6649.868423775807,2.895752162257238,0.20974453741296267,9.038386341975247,1.5900153285865726e-19,6.646264073491873e-18,tcyP,L-cystine transporter,NA,NA,NA,NA,NA,NA
SAUSA300_RS02315,341.1034060643604,-2.6608626885428985,0.17076893434103485,-9.725789382898329,2.340826532937195e-22,1.0871838786308306e-20,-,sodium-dependent transporter,NA,NA,NA,NA,NA,NA
SAUSA300_RS02395,1461.657688637396,1.5726212039988532,0.12373152303911537,4.627933043528688,3.6933337650817597e-6,9.91439871250388e-5,treP,PTS ascorbate transporter subunit IIA,NA,NA,NA,"PTS system, trehalose-specific IIBC component",TIGR01992,702.4
SAUSA300_RS02720,1529.2500185320446,-1.4097246057568833,0.12074193501484215,-3.393391084104442,6.903300448077775e-4,0.015302315993239068,mcsA,excinuclease ABC subunit B,Genetic information processing,DNA metabolism,"DNA replication, recombination, and repair",excinuclease ABC subunit B,TIGR00631,14.8
SAUSA300_RS02725,2500.6694851400443,-1.5218088701083585,0.09006674445808302,-5.793579786279584,6.890172881540431e-9,2.0160645851387303e-7,mcsB,protein arginine kinase,NA,NA,NA,NA,NA,NA
SAUSA300_RS02860,6304.247900029016,1.5744315728694604,0.09301077974989282,6.175967714861808,6.575942504345456e-10,1.983629666774722e-8,kbl,2-amino-3-ketobutyrate CoA ligase,NA,NA,NA,putative pyridoxal phosphate-dependent acyltransferase,TIGR01825,692.5
SAUSA300_RS02980,31737.051278584673,-3.6744836729461303,0.3439897140146129,-7.774894318010092,7.551041926805786e-15,2.9071511418202276e-13,NA,hypothetical protein,NA,NA,NA,NA,NA,NA
SAUSA300_RS03000,560.766203388414,-3.12374832411067,0.15191504703320594,-13.979841797017356,2.0694752599200384e-44,1.476898685494154e-42,NA,hypothetical protein,NA,NA,NA,NA,NA,NA
SAUSA300_RS03005,8363.138448654043,-4.421859623456942,0.10932335773225048,-31.300352408106566,4.615063984142304e-215,3.3759193044000956e-212,NA,protein VraX,NA,NA,NA,NA,NA,NA
SAUSA300_RS03170,4284.396786969483,1.374617343519127,0.06789888166545177,5.517282970357658,3.4428084864786125e-8,9.686209260996558e-7,-,flavodoxin family protein,NA,NA,NA,FMN reductase,TIGR03566,19.4
SAUSA300_RS03410,568.9051213380127,2.0604553478216943,0.15678871522600996,6.763594856256424,1.3460917146492595e-11,4.475754951208788e-10,dhaK,dihydroxyacetone kinase subunit DhaK,NA,NA,NA,"dihydroxyacetone kinase, DhaK subunit",TIGR02363,479.3
SAUSA300_RS03415,436.13857661505955,1.9552876514909079,0.1275813719917864,7.487673447753867,7.010518655919604e-14,2.5965541249646536e-12,dhaL,dihydroxyacetone kinase subunit L,NA,NA,NA,"dihydroxyacetone kinase, L subunit",TIGR02365,240.1
SAUSA300_RS03420,269.5138909509061,2.364484609732988,0.18017951608965985,7.572917495538181,3.649340911734063e-14,1.3689707061197267e-12,dhaM,PTS-dependent dihydroxyacetone kinase phosphotransferase subunit DhaM,NA,NA,NA,"dihydroxyacetone kinase, phosphotransfer subunit",TIGR02364,144.8
SAUSA300_RS04075,16444.112403250445,-2.8814084184260254,0.1222412224790215,-15.390948979988353,1.8825097209151406e-53,1.6691586192114248e-51,gapR,transcriptional regulator,Genetic information processing,DNA metabolism,"DNA replication, recombination, and repair",DnaD family protein,TIGR04548,16.8
SAUSA300_RS04080,48722.519773432134,-2.766150456027133,0.10287972936650049,-17.167137461407666,4.6793475421941624e-66,4.563923636153373e-64,gapA,aldehyde dehydrogenase,Metabolism,Energy metabolism,Glycolysis/gluconeogenesis,"glyceraldehyde-3-phosphate dehydrogenase, type I",TIGR01534,435.2
SAUSA300_RS04085,13440.101554664672,-2.8570860409239645,0.129283513103328,-14.3644459865483,8.649561034806604e-47,6.489388612267723e-45,pgk,phosphoglycerate kinase,NA,NA,NA,NA,NA,NA
SAUSA300_RS04090,11709.341219105436,-2.8188317576506354,0.14100305039518785,-12.8992369495058,4.5457596291274953e-38,2.8299771648568194e-36,tpiA,triose-phosphate isomerase,Metabolism,Energy metabolism,Glycolysis/gluconeogenesis,triose-phosphate isomerase,TIGR00419,197.4
SAUSA300_RS04095,19658.80775738105,-2.7823614623422275,0.12361055902541235,-14.419168365509961,3.9203783718544976e-47,3.018691346327963e-45,pgm,"2,3-bisphosphoglycerate-independent phosphoglycerate mutase",Metabolism,Energy metabolism,Glycolysis/gluconeogenesis,"phosphoglycerate mutase (2,3-diphosphoglycerate-independent)",TIGR01307,694.5
SAUSA300_RS04100,39857.712846676244,-1.6072824143436772,0.09133751660032419,-6.648773000923936,2.955463912511246e-11,9.502953195613082e-10,eno,enolase,Metabolism,Energy metabolism,Glycolysis/gluconeogenesis,phosphopyruvate hydratase,TIGR01060,690.8
SAUSA300_RS04570,1052.44903973807,1.4325340954958996,0.09802209254503373,4.412618464528116,1.0212788015074282e-5,2.668090868938156e-4,-,sodium:proton antiporter,Metabolism,Transport and binding proteins,"Carbohydrates, organic alcohols, and acids","TRAP transporter, DctM subunit",TIGR00786,23.7
SAUSA300_RS04640,14347.341627371654,1.495070030361448,0.12453748530002673,3.975269206446243,7.029968948811868e-5,0.0017285453062372714,rocD,Ornithine aminotransferase 2,NA,NA,NA,ornithine--oxo-acid transaminase,TIGR01885,538.4
SAUSA300_RS04645,24808.988679938735,1.7399741917199327,0.10865447169778321,6.81034273286177,9.736650033413809e-12,3.3127253485777685e-10,gudB,NAD-specific glutamate dehydrogenase,Cellular processes,Cellular processes,Sporulation and germination,"dipicolinic acid synthetase, A subunit",TIGR02853,11.9
SAUSA300_RS15760,510.86424793948737,1.9201806946751614,0.14988942227770324,6.13906358895909,8.300933667731094e-10,2.478421623651141e-8,NA,NA,NA,NA,NA,NA,NA,NA
SAUSA300_RS04655,2518.3332513216405,2.684400792332104,0.08627920682045269,19.522673589679002,7.045338670455626e-85,9.370300431705983e-83,glpQ,glycerophosphodiester phosphodiesterase,NA,NA,NA,NA,NA,NA
SAUSA300_RS04730,4953.967593189221,-1.7146931714103573,0.09231084842064899,-7.742244640127127,9.767681439653464e-15,3.7117189470683164e-13,clpB,chaperone protein ClpB,Genetic information processing,Protein fate,Protein folding and stabilization,ATP-dependent chaperone protein ClpB,TIGR03346,1277
SAUSA300_RS04925,14488.249727939827,1.1971328734277427,0.06067916470986144,3.2487736831964837,0.0011590365251909701,0.02493632994638808,-,hypothetical protein,Genetic information processing,Transcription,RNA processing,2'-5' RNA ligase,TIGR02258,15.8
SAUSA300_RS05635,4367.598924380251,2.152376321731811,0.16362654794331427,7.042722200134862,1.885198569630328e-12,6.566775017545643e-11,sdhC,succinate dehydrogenase cytochrome B558,Metabolism,Energy metabolism,TCA cycle,"succinate dehydrogenase (or fumarate reductase) cytochrome b subunit, b558 family",TIGR02046,143.1
SAUSA300_RS05640,20017.999286860686,2.2564471937840733,0.12966936046629876,9.689622816568342,3.3375895958589133e-22,1.525904243356747e-20,sdhA,succinate dehydrogenase flavoprotein subunit,Metabolism,Energy metabolism,TCA cycle,"succinate dehydrogenase or fumarate reductase, flavoprotein subunit",TIGR01811,970.9
SAUSA300_RS05645,16705.197337741476,2.1692440406892812,0.06977474858156413,16.757409585252432,4.999365588166674e-63,4.5712949096799026e-61,sdhB,succinate dehydrogenase iron-sulfur subunit,Metabolism,Energy metabolism,TCA cycle; Anaerobic; Aerobic,succinate dehydrogenase and fumarate reductase iron-sulfur protein,TIGR00384,137.1
SAUSA300_RS05945,120.65853407137571,-1.7586689418834442,0.17928327157539647,-4.2316772514070875,2.3195509308872665e-5,5.953514055943984e-4,pyrF,orotidine-5'-phosphate decarboxylase,Metabolism,"Purines, pyrimidines, nucleosides, and nucleotides",Pyrimidine ribonucleotide biosynthesis,orotidine 5'-phosphate decarboxylase,TIGR01740,206.1
SAUSA300_RS06160,16752.60467386038,2.022497738879364,0.20621878157219328,4.958315295454342,7.110709685548287e-7,1.926475605547619e-5,sucC,succinyl-CoA ligase subunit beta,Metabolism,Energy metabolism,TCA cycle,"succinate-CoA ligase, beta subunit",TIGR01016,545.1
SAUSA300_RS06165,18043.29989935553,2.0551575562707205,0.15711819346111192,6.715693027185174,1.8717446613293497e-11,6.153623459606379e-10,sucD,succinyl-CoA ligase subunit alpha,Metabolism,Energy metabolism,TCA cycle,"succinate-CoA ligase, alpha subunit",TIGR01019,479.4
SAUSA300_RS06435,2537.2443453757064,3.8997090145584976,0.08602611711119058,33.70731019755968,4.517340700658199e-249,1.321773889012589e-245,glpF,aquaporin family protein,Metabolism,Transport and binding proteins,Unknown substrate,MIP family channel proteins,TIGR00861,196.8
SAUSA300_RS06440,1804.0709588218883,2.513486600324784,0.11519449191656657,13.138532712319066,1.9802945079054814e-39,1.2596395065503128e-37,glpK,glycerol kinase,Metabolism,Energy metabolism,Other,glycerol kinase,TIGR01311,760.2
SAUSA300_RS07100,13467.162032937607,2.3653130161692553,0.072802485140859,18.753659487414936,1.8071689575713352e-78,2.2032401541057196e-76,sucB,dihydrolipoyllysine-residue succinyltransferase component of 2-oxoglutarate dehydrogenase complex,Metabolism,Energy metabolism,TCA cycle,"dihydrolipoyllysine-residue succinyltransferase, E2 component of oxoglutarate dehydrogenase (succinyl-transferring) complex",TIGR01347,610.9
SAUSA300_RS07105,22569.184350221698,2.393778683581133,0.09635863634403412,14.464491575045278,2.0310017676508993e-47,1.6507531033740365e-45,sucA,2-oxoglutarate dehydrogenase E1 component,Metabolism,Energy metabolism,TCA cycle,"oxoglutarate dehydrogenase (succinyl-transferring), E1 component",TIGR00239,1033.1
SAUSA300_RS07950,941.1817034361108,1.6583534203906998,0.0900610824226828,7.31007670217482,2.669899364989272e-13,9.526982368242206e-12,malA,alpha-glucosidase,NA,NA,NA,"alpha,alpha-phosphotrehalase",TIGR02403,597.7
SAUSA300_RS07955,282.15665396276887,1.587100714829525,0.14274067478276012,4.113058283653523,3.90451756702651e-5,9.848808966482388e-4,malR,LacI family transcriptional regulator,Signal transduction,Regulatory functions,DNA interactions,catabolite control protein A,TIGR01481,117.9
SAUSA300_RS08165,21344.15566793839,1.6775660798159464,0.09425644815578135,7.188538217524452,6.548865718011307e-13,2.3086724205904923e-11,gcvPB,glycine dehydrogenase,Metabolism,Energy metabolism,Amino acids and amines,glycine dehydrogenase,TIGR00461,404.2
SAUSA300_RS08170,16440.46657617463,1.7024845616090534,0.0954665529946756,7.358436432163133,1.8607682873057617e-13,6.721738282292171e-12,gcvPA,glycine dehydrogenase,Metabolism,Energy metabolism,Amino acids and amines,glycine dehydrogenase,TIGR00461,316.7
SAUSA300_RS08175,10331.392108121861,1.743006021953954,0.13091305877330273,5.67556841858374,1.3822888064041799e-8,3.9652716152339515e-7,gcvT,aminomethyltransferase,Metabolism,Energy metabolism,Amino acids and amines,glycine cleavage system T protein,TIGR00528,442
SAUSA300_RS08515,4528.5136510191805,1.3246422722083164,0.10143821886238662,3.200394051168559,0.0013723981545148865,0.029098818841380852,-,divalent metal cation transporter,NA,NA,NA,NA,NA,NA
SAUSA300_RS08745,186.50163935119983,-2.334491385683911,0.20639465048522687,-6.465726619108424,1.0081319408075086e-10,3.171821568605129e-9,NA,hypothetical protein,NA,NA,NA,NA,NA,NA
SAUSA300_RS08750,1192.2408302155125,-2.917786317997875,0.148972769303288,-12.873401810055142,6.354073527667036e-38,3.873337321240364e-36,-,DUF4930 domain-containing protein,NA,NA,NA,NA,NA,NA
SAUSA300_RS15375,601.9344649369494,-2.1745216213334575,0.15747411911173173,-7.458505740235992,8.750920807339457e-14,3.200649285284407e-12,NA,hypothetical protein,NA,NA,NA,NA,NA,NA
SAUSA300_RS08910,4077.2525165558745,2.7584015162866358,0.11440109827150605,15.370495063897494,2.5818873721185783e-53,2.221941897299694e-51,gapB,aldehyde dehydrogenase,Metabolism,Energy metabolism,Glycolysis/gluconeogenesis,"glyceraldehyde-3-phosphate dehydrogenase, type I",TIGR01534,412.6
SAUSA300_RS08950,36721.96786242838,1.4733437327375485,0.08258129388350476,5.731851736366373,9.934009015435891e-9,2.8779119187292494e-7,citC,isocitrate dehydrogenase (NADP(+)),Metabolism,Energy metabolism,TCA cycle,"isocitrate dehydrogenase, NADP-dependent",TIGR00183,700
SAUSA300_RS08955,12621.01615453621,1.837879115852805,0.1342257787917782,6.242311450117122,4.311513589938012e-10,1.3279461857009077e-8,citZ,citrate synthase,NA,NA,NA,2-methylcitrate synthase/citrate synthase II,TIGR01800,490.6
SAUSA300_RS09035,2822.5659985299385,1.851019663392584,0.2055542432284645,4.1401220915041534,3.471210227774084e-5,8.831966196927799e-4,ald2,alanine dehydrogenase,Metabolism,Energy metabolism,Amino acids and amines,alanine dehydrogenase,TIGR00518,575.8
SAUSA300_RS09165,16467.99946234221,2.257742972961067,0.10550090449205832,11.921632132127787,9.130216623222364e-33,5.040568648971441e-31,fhs,formate--tetrahydrofolate ligase,NA,NA,NA,NA,NA,NA
SAUSA300_RS09170,3653.9998692654062,2.9827150994808496,0.18832962325790698,10.527898188197568,6.425310330824438e-26,3.1334096713320512e-24,acsA,acetate--CoA ligase,NA,NA,NA,acetate--CoA ligase,TIGR02188,543.7
SAUSA300_RS09175,798.4252073113398,1.4627549178429489,0.13539654909537097,3.417774832037945,6.313531558174145e-4,0.014101826976501947,acuA,hypothetical protein,NA,NA,NA,NA,NA,NA
SAUSA300_RS09180,1392.7644185945962,1.8888009575548586,0.10779181984921185,8.245532534826735,1.644262797126482e-16,6.501503978908224e-15,acuC,acetoin utilization protein AcuC,NA,NA,NA,NA,NA,NA
SAUSA300_RS09350,2222.623349867893,1.8571383918613726,0.07712782454197896,11.113218827984072,1.0818801267730102e-28,5.652823662388979e-27,putA,proline dehydrogenase,NA,NA,NA,acidobacterial duplicated orphan permease,TIGR03434,15.5
SAUSA300_RS09470,8620.12468197359,3.5654191278018184,0.09348364258115115,27.442438665939157,8.552297482832737e-166,3.1280028043460736e-163,pckA,phosphoenolpyruvate carboxykinase (ATP),Metabolism,Energy metabolism,Glycolysis/gluconeogenesis,phosphoenolpyruvate carboxykinase (ATP),TIGR00224,792.5
SAUSA300_RS09510,9157.544928079133,2.2582228145421936,0.07291022763019697,17.25715109441079,9.887004267216233e-67,9.975646374439551e-65,-,calcium-binding protein,Cellular processes,Cellular processes,Pathogenesis,putative immunoglobulin-blocking virulence protein,TIGR04526,16.2
SAUSA300_RS09515,14802.419194164966,2.36109338186506,0.10033657967443949,13.56527585733317,6.433716481128353e-42,4.377919633437572e-40,-,DUF4352 domain-containing protein,NA,NA,NA,NA,NA,NA
SAUSA300_RS09520,276.6402699182684,2.136025130928484,0.17285098610696262,6.572280300590798,4.955046933937679e-11,1.5759203618153968e-9,-,hypothetical protein,Metabolism,Transport and binding proteins,Cations and iron carrying compounds,K+-dependent Na+/Ca+ exchanger,TIGR00927,5.8
SAUSA300_RS09525,127.42065605694764,1.6431874060908926,0.18290211004980514,3.5165663529838422,4.3716737502484356e-4,0.009993372963458534,-,hypothetical protein,NA,NA,NA,NA,NA,NA
SAUSA300_RS09530,207.48078364575505,1.5953095428708188,0.15234097331672164,3.9077441210327026,9.316189305083277e-5,0.002252823959229229,-,hypothetical protein,NA,NA,NA,NA,NA,NA
SAUSA300_RS09725,175.28265722725038,1.6995685000579686,0.20061655417593283,3.487092592790097,4.8830226775919e-4,0.011075755313669689,trnaF,tRNA-Phe,NA,NA,NA,NA,NA,NA
SAUSA300_RS09855,8356.41981507041,1.3570905119035466,0.09179206895579865,3.8902109514003778,1.0015711549973297e-4,0.0024021288520673662,fumC,class II fumarate hydratase,Metabolism,Energy metabolism,TCA cycle,"fumarate hydratase, class II",TIGR00979,751.7
SAUSA300_RS10190,1908.2685285039045,-1.360868749797086,0.0964179902840576,-3.742753284256687,1.8201491636298274e-4,0.0042949648812748995,vraS,two-component sensor histidine kinase,Signal transduction,Signal transduction,Two-component systems,phosphate regulon sensor kinase PhoR,TIGR02966,17.5
SAUSA300_RS15485,256.8712114269842,2.045907683361349,0.18877358086682008,5.5405405701300845,3.0153936818413966e-8,8.566060109774686e-7,NA,hypothetical protein,NA,NA,NA,NA,NA,NA
SAUSA300_RS10665,816.996470069848,1.5575607309745567,0.16552354629950083,3.368467770535183,7.558723377845332e-4,0.01662919143125973,-,hypothetical protein,Genetic information processing; Signal transduction,Mobile and extrachromosomal element functions; Regulatory functions,Prophage functions; DNA interactions,"phage transcriptional regulator, RinA family",TIGR01636,47
SAUSA300_RS10970,817.9603192175166,2.253049609639974,0.10895332284122153,11.50079297229009,1.3070901396938404e-30,7.082492127304032e-29,scrR,LacI family transcriptional regulator,Signal transduction,Regulatory functions,DNA interactions,trehalose operon repressor,TIGR02405,150.5
SAUSA300_RS10980,527.9194793969555,1.8613491979917804,0.12832997949874736,6.711987341977157,1.919913536059725e-11,6.241852229456395e-10,-,oxidoreductase,NA,NA,NA,selenium metabolism protein YedF,TIGR03527,27.8
SAUSA300_RS10985,1954.4538895271762,1.831143125445658,0.12006120140290574,6.922662073457667,4.432342282695345e-12,1.525768649313715e-10,-,YeeE/YedE family protein,NA,NA,NA,"putative selenium metabolism protein, YedE family",TIGR04112,44
SAUSA300_RS11105,51.18156469365726,1.971648157654826,0.2639301987725759,3.681458818178205,2.319032508776587e-4,0.005428391296544235,trnaL,tRNA-Leu,NA,NA,NA,NA,NA,NA
SAUSA300_RS11280,2418.6981564884686,1.4232751178307745,0.13220093318904386,3.201755900054822,0.0013659269167868463,0.029098818841380852,thiD,bifunctional hydroxymethylpyrimidine kinase/phosphomethylpyrimidine kinase,Metabolism,"Biosynthesis of cofactors, prosthetic groups, and carriers",Thiamine,hydroxymethylpyrimidine kinase/phosphomethylpyrimidine kinase,TIGR00097,312
SAUSA300_RS11505,2676.3819765592893,1.504184438574319,0.12743310099124658,3.9564637025426515,7.606744006288429e-5,0.0018547777468666618,pdp,pyrimidine-nucleoside phosphorylase,Metabolism,"Purines, pyrimidines, nucleosides, and nucleotides",Other,pyrimidine-nucleoside phosphorylase,TIGR02644,599.8
SAUSA300_RS11600,6203.464569017394,-3.2233179465246438,0.09438191143248853,-23.55661071894041,1.0740485349730043e-122,2.2447614380935788e-120,glmS,glutamine--fructose-6-phosphate aminotransferase,Metabolism; Cell structure,Central intermediary metabolism; Cell envelope,Amino sugars; Biosynthesis and degradation of murein sacculus and peptidoglycan,glutamine-fructose-6-phosphate transaminase (isomerizing),TIGR01135,749.4
SAUSA300_RS11645,2457.98446982586,2.4314335917176995,0.12895421684172229,11.100324027981445,1.2498991464912589e-28,6.416148951988463e-27,rocF,arginase,NA,NA,NA,arginase,TIGR01229,329.6
SAUSA300_RS11740,3724.382820271218,4.071074008230724,0.12838605368853737,23.920620036200376,1.86902699976103e-126,4.206748462539057e-124,-,hypothetical protein,NA,NA,NA,NA,NA,NA
SAUSA300_RS12325,1983.2018563226707,3.021957499649083,0.09059726126358762,22.318086346631514,2.4662153514279574e-110,4.244791834281296e-108,-,N-acetyltransferase,Genetic information processing,Protein synthesis,Ribosomal proteins: synthesis and modification,ribosomal-protein-alanine acetyltransferase,TIGR01575,16
SAUSA300_RS12330,1316.1399523934779,3.2388312239041057,0.10314356383612393,21.70597117878528,1.801765820537431e-104,2.9288704393847347e-102,bioY,biotin transporter BioY,Metabolism,Transport and binding proteins,Unknown substrate,"ECF transporter S component, folate family",TIGR04518,18.2
SAUSA300_RS12515,5816.541018773968,2.0307907202230453,0.06733449917456759,15.308508013858928,6.708520896692854e-53,5.608323469635226e-51,-,alanine glycine permease,Metabolism,Transport and binding proteins,"Amino acids, peptides and amines",GABA permease,TIGR01773,355.9
SAUSA300_RS12660,1372.4921157294925,1.453235187169164,0.112120837121172,4.042381405691259,5.291107534507228e-5,0.0013120153089803516,gltS,sodium/glutamate symporter,Metabolism,Transport and binding proteins,"Amino acids, peptides and amines",sodium/glutamate symporter,TIGR00210,358
SAUSA300_RS12775,4126.925245289385,1.4222560446238444,0.11576502803098113,3.6475268205423825,2.6477668005882207e-4,0.0061487029035882015,mqo,malate:quinone oxidoreductase,Metabolism,Energy metabolism,TCA cycle,malate dehydrogenase (acceptor),TIGR01320,709.8
SAUSA300_RS12895,104.56287836814127,-3.5695309919927083,0.21353359486594037,-12.033380478635687,2.3724394683450915e-33,1.334953439303411e-31,-,peptidase,NA,NA,NA,NA,NA,NA
SAUSA300_RS15580,32.71234831678076,-3.6621248142017526,0.39340432277795023,-6.766892634538588,1.315776416237936e-11,4.425243441278391e-10,-,peptidase,NA,NA,NA,NA,NA,NA
SAUSA300_RS12900,221.93960127987802,-2.5377132215881573,0.15559024200556626,-9.88309550629239,4.9286412349566857e-23,2.3641318448333214e-21,-,MerR family transcriptional regulator,Signal transduction,Regulatory functions,DNA interactions,Cu(I)-responsive transcriptional regulator,TIGR02044,44.6
SAUSA300_RS13085,587.7128060253582,4.440813454078929,0.14824265804708997,23.210683749248062,3.551799296902915e-119,6.92837649515862e-117,bioX,hypothetical protein,NA,NA,NA,NA,NA,NA
SAUSA300_RS13090,1293.6293716831685,4.7898293429663745,0.1580982066290568,23.97136200196368,5.5335232055940215e-127,1.3492574082973422e-124,bioW,6-carboxyhexanoate--CoA ligase,Metabolism,"Biosynthesis of cofactors, prosthetic groups, and carriers",Biotin,6-carboxyhexanoate--CoA ligase,TIGR01204,155.1
SAUSA300_RS13095,1928.819440623525,4.84208815751439,0.13941899300726773,27.557853307074936,3.56327375938753e-167,1.4894484314239878e-164,bioF,8-amino-7-oxononanoate synthase,Metabolism,"Biosynthesis of cofactors, prosthetic groups, and carriers",Biotin,8-amino-7-oxononanoate synthase,TIGR00858,271.5
SAUSA300_RS13100,1691.0254986072503,5.600957163283399,0.17116104322610512,26.880866560304252,3.6764624224082706e-159,1.1952587831074e-156,bioB,biotin synthase,Metabolism,"Biosynthesis of cofactors, prosthetic groups, and carriers",Biotin,biotin synthase,TIGR00433,377.8
SAUSA300_RS13105,1854.1548416917597,6.298948593253276,0.17638988033719266,30.041114507950414,2.8522400680584125e-198,1.3909424065231525e-195,bioA,adenosylmethionine--8-amino-7-oxononanoate aminotransferase BioA,Metabolism,"Biosynthesis of cofactors, prosthetic groups, and carriers",Biotin,adenosylmethionine-8-amino-7-oxononanoate transaminase,TIGR00508,550.6
SAUSA300_RS13110,1001.8973421990006,6.42480223282311,0.21622964036089304,25.088152686971917,6.698313020254343e-139,1.959926389726421e-136,bioD,dethiobiotin synthase,Metabolism,"Biosynthesis of cofactors, prosthetic groups, and carriers",Biotin,dethiobiotin synthase,TIGR00347,103.8
SAUSA300_RS13180,9363.019611547314,3.6371309284193902,0.14875103304976156,17.72848816140452,2.5273954462789262e-70,2.641128241361478e-68,-,alanine glycine permease,Metabolism,Transport and binding proteins,"Amino acids, peptides and amines",GABA permease,TIGR01773,311
SAUSA300_RS13580,5633.680894218743,3.3566725658272714,0.11439342051706618,20.601469517870417,2.662403798167862e-94,3.895096756719582e-92,-,MFS transporter,Metabolism,Transport and binding proteins,"Carbohydrates, organic alcohols, and acids",D-galactonate transporter,TIGR00893,236.9
SAUSA300_RS13615,5022.55922540778,2.3368029264671804,0.07873514830317176,16.97847727827711,1.1852140027963354e-64,1.1186890878006701e-62,fbp,"fructose 1,6-bisphosphatase",NA,NA,NA,NA,NA,NA
SAUSA300_RS13660,471.82164618953936,-2.240722982859145,0.13066746651041972,-9.495270827495588,2.1963969082294905e-21,9.737359626484075e-20,ddh,lactate dehydrogenase,Metabolism,Amino acid biosynthesis,Serine family,phosphoglycerate dehydrogenase,TIGR01327,154.7
SAUSA300_RS13740,1631.275600889713,-1.3327253306253057,0.09888464106950481,-3.3647827107087047,7.660396082054667e-4,0.016727103683650713,glcB,PTS glucoside EIICBA component,Metabolism,Transport and binding proteins,"Carbohydrates, organic alcohols, and acids","PTS system, glucose-specific IIBC component",TIGR02002,849.4
SAUSA300_RS13745,15172.335107412655,-2.026382968340919,0.11398924202048477,-9.004209082787565,2.172258804880551e-19,8.952153891662666e-18,cidC,pyruvate oxidase,Metabolism,Energy metabolism,Aerobic,pyruvate oxidase,TIGR02720,492.7
SAUSA300_RS13750,3679.42817995671,-1.7706759880883363,0.12123344948665365,-6.3569583423688565,2.057877703030055e-10,6.4056916585807884e-9,cidB,holin-like protein CidB,NA,Hypothetical proteins,Conserved,TIGR00659 family protein,TIGR00659,192.1
SAUSA300_RS13755,919.374949570972,-2.5779652792283945,0.12316451196580311,-12.81185021596578,1.407382299483958e-37,8.404082874061349e-36,cidA,holin-like protein CidA,NA,NA,NA,NA,NA,NA
SAUSA300_RS13835,48.88224506659992,1.8896765011710364,0.2900450736937374,3.0673732528567546,0.0021594902018926758,0.04545804554487747,NA,hypothetical protein,NA,NA,NA,exosortase F-associated protein,TIGR04127,15.6
SAUSA300_RS13840,13603.282963726233,2.8750391978099414,0.10374837350104234,18.07295029826278,5.2054146621613155e-73,5.641127148697781e-71,rocA,L-glutamate gamma-semialdehyde dehydrogenase,Metabolism,Energy metabolism,Amino acids and amines,putative delta-1-pyrroline-5-carboxylate dehydrogenase,TIGR01237,747.3
SAUSA300_RS13850,1600.4369034932358,-4.2130562733509525,0.16152067632661654,-19.89253850605306,4.7223034416281167e-88,6.579742795335176e-86,cwrA,hypothetical protein,NA,NA,NA,NA,NA,NA
SAUSA300_RS15635,407.9788753757778,-1.6289828015839507,0.14000435859982466,-4.4925944297332645,7.036070297967498e-6,1.8715946992593546e-4,-,hypothetical protein,NA,NA,NA,NA,NA,NA
SAUSA300_RS13940,408.90078529929747,-2.2586431092345753,0.1508381463138539,-8.344328937957611,7.161939059460863e-17,2.8706621490386965e-15,-,hypothetical protein,NA,NA,NA,NA,NA,NA
SAUSA300_RS15850,596.5681168405687,3.3170369164226736,0.2368574636497182,9.782410402947125,1.3398105301813198e-22,6.32304130856539e-21,NA,NA,NA,NA,NA,NA,NA,NA
SAUSA300_RS14475,5278.934787952564,3.3440137728403383,0.10108814364274837,23.187820929071812,6.042612933952497e-119,1.1050428402965629e-116,gehA,Lipase 1,NA,NA,NA,"gram-positive signal peptide, YSIRK family",TIGR01168,52.6
SAUSA300_RS14525,88.32881028140297,1.6829419701441024,0.2034299008353016,3.357136622197036,7.875418732048407e-4,0.017069240896276767,hisZ,ATP phosphoribosyltransferase regulatory subunit,Metabolism,Amino acid biosynthesis,Histidine family,"ATP phosphoribosyltransferase, regulatory subunit",TIGR00443,52.3
SAUSA300_RS14565,2156.946602977137,1.426494101081968,0.08326569395706573,5.1220866699541485,3.021729343561978e-7,8.263158933890044e-6,drp35,lactonase,NA,NA,NA,NA,NA,NA
