Software Version,2.09.1,,,,,,,,,,,,,,,,,,,,,,,,,,,,,,,,,,,,,,,,,,,,,,,,,,,,,,,,,,,,,,,,,,,,,,,,,,,,,,,,,,,,,,,,,,,,,,,,
,,,,,,,,,,,,,,,,,,,,,,,,,,,,,,,,,,,,,,,,,,,,,,,,,,,,,,,,,,,,,,,,,,,,,,,,,,,,,,,,,,,,,,,,,,,,,,,,,
Experiment File Path:,C:\Users\Public\Documents\Experiments\MMM_Carbon_12MAR2020.xpt,,,,,,,,,,,,,,,,,,,,,,,,,,,,,,,,,,,,,,,,,,,,,,,,,,,,,,,,,,,,,,,,,,,,,,,,,,,,,,,,,,,,,,,,,,,,,,,,
Protocol File Path:,C:\Users\Public\Documents\Protocols\S_aureus_growth_curves.prt,,,,,,,,,,,,,,,,,,,,,,,,,,,,,,,,,,,,,,,,,,,,,,,,,,,,,,,,,,,,,,,,,,,,,,,,,,,,,,,,,,,,,,,,,,,,,,,,
Plate Number,Plate 1,,,,,,,,,,,,,,,,,,,,,,,,,,,,,,,,,,,,,,,,,,,,,,,,,,,,,,,,,,,,,,,,,,,,,,,,,,,,,,,,,,,,,,,,,,,,,,,,
Date,3/12/20,,,,,,,,,,,,,,,,,,,,,,,,,,,,,,,,,,,,,,,,,,,,,,,,,,,,,,,,,,,,,,,,,,,,,,,,,,,,,,,,,,,,,,,,,,,,,,,,
Time,2:51:23 PM,,,,,,,,,,,,,,,,,,,,,,,,,,,,,,,,,,,,,,,,,,,,,,,,,,,,,,,,,,,,,,,,,,,,,,,,,,,,,,,,,,,,,,,,,,,,,,,,
Reader Type:,Synergy H1,,,,,,,,,,,,,,,,,,,,,,,,,,,,,,,,,,,,,,,,,,,,,,,,,,,,,,,,,,,,,,,,,,,,,,,,,,,,,,,,,,,,,,,,,,,,,,,,
Reader Serial Number:,151117B,,,,,,,,,,,,,,,,,,,,,,,,,,,,,,,,,,,,,,,,,,,,,,,,,,,,,,,,,,,,,,,,,,,,,,,,,,,,,,,,,,,,,,,,,,,,,,,,
Reading Type,Reader,,,,,,,,,,,,,,,,,,,,,,,,,,,,,,,,,,,,,,,,,,,,,,,,,,,,,,,,,,,,,,,,,,,,,,,,,,,,,,,,,,,,,,,,,,,,,,,,
,,,,,,,,,,,,,,,,,,,,,,,,,,,,,,,,,,,,,,,,,,,,,,,,,,,,,,,,,,,,,,,,,,,,,,,,,,,,,,,,,,,,,,,,,,,,,,,,,
Procedure Details,,,,,,,,,,,,,,,,,,,,,,,,,,,,,,,,,,,,,,,,,,,,,,,,,,,,,,,,,,,,,,,,,,,,,,,,,,,,,,,,,,,,,,,,,,,,,,,,,
Plate Type,96 WELL PLATE,,,,,,,,,,,,,,,,,,,,,,,,,,,,,,,,,,,,,,,,,,,,,,,,,,,,,,,,,,,,,,,,,,,,,,,,,,,,,,,,,,,,,,,,,,,,,,,,
Eject plate on completion,,,,,,,,,,,,,,,,,,,,,,,,,,,,,,,,,,,,,,,,,,,,,,,,,,,,,,,,,,,,,,,,,,,,,,,,,,,,,,,,,,,,,,,,,,,,,,,,,
Set Temperature,Setpoint 37¡C,,,,,,,,,,,,,,,,,,,,,,,,,,,,,,,,,,,,,,,,,,,,,,,,,,,,,,,,,,,,,,,,,,,,,,,,,,,,,,,,,,,,,,,,,,,,,,,,
,Preheat before moving to next step,,,,,,,,,,,,,,,,,,,,,,,,,,,,,,,,,,,,,,,,,,,,,,,,,,,,,,,,,,,,,,,,,,,,,,,,,,,,,,,,,,,,,,,,,,,,,,,,
Shake,Orbital: 0:30 (MM:SS),,,,,,,,,,,,,,,,,,,,,,,,,,,,,,,,,,,,,,,,,,,,,,,,,,,,,,,,,,,,,,,,,,,,,,,,,,,,,,,,,,,,,,,,,,,,,,,,
,Frequency: 282 cpm (3 mm),,,,,,,,,,,,,,,,,,,,,,,,,,,,,,,,,,,,,,,,,,,,,,,,,,,,,,,,,,,,,,,,,,,,,,,,,,,,,,,,,,,,,,,,,,,,,,,,
Read,Absorbance Endpoint,,,,,,,,,,,,,,,,,,,,,,,,,,,,,,,,,,,,,,,,,,,,,,,,,,,,,,,,,,,,,,,,,,,,,,,,,,,,,,,,,,,,,,,,,,,,,,,,
,Full Plate,,,,,,,,,,,,,,,,,,,,,,,,,,,,,,,,,,,,,,,,,,,,,,,,,,,,,,,,,,,,,,,,,,,,,,,,,,,,,,,,,,,,,,,,,,,,,,,,
,Wavelengths:  600,,,,,,,,,,,,,,,,,,,,,,,,,,,,,,,,,,,,,,,,,,,,,,,,,,,,,,,,,,,,,,,,,,,,,,,,,,,,,,,,,,,,,,,,,,,,,,,,
,"Read Speed: Normal,  Delay: 100 msec,  Measurements/Data Point: 8",,,,,,,,,,,,,,,,,,,,,,,,,,,,,,,,,,,,,,,,,,,,,,,,,,,,,,,,,,,,,,,,,,,,,,,,,,,,,,,,,,,,,,,,,,,,,,,,
Start Kinetic,"Runtime 18:00:00 (HH:MM:SS), Interval 0:30:00, 37 Reads",,,,,,,,,,,,,,,,,,,,,,,,,,,,,,,,,,,,,,,,,,,,,,,,,,,,,,,,,,,,,,,,,,,,,,,,,,,,,,,,,,,,,,,,,,,,,,,,
    Shake,Orbital: Continuous,,,,,,,,,,,,,,,,,,,,,,,,,,,,,,,,,,,,,,,,,,,,,,,,,,,,,,,,,,,,,,,,,,,,,,,,,,,,,,,,,,,,,,,,,,,,,,,,
,Frequency: 282 cpm (3 mm),,,,,,,,,,,,,,,,,,,,,,,,,,,,,,,,,,,,,,,,,,,,,,,,,,,,,,,,,,,,,,,,,,,,,,,,,,,,,,,,,,,,,,,,,,,,,,,,
    Read,Absorbance Endpoint,,,,,,,,,,,,,,,,,,,,,,,,,,,,,,,,,,,,,,,,,,,,,,,,,,,,,,,,,,,,,,,,,,,,,,,,,,,,,,,,,,,,,,,,,,,,,,,,
,Full Plate,,,,,,,,,,,,,,,,,,,,,,,,,,,,,,,,,,,,,,,,,,,,,,,,,,,,,,,,,,,,,,,,,,,,,,,,,,,,,,,,,,,,,,,,,,,,,,,,
,Wavelengths:  600,,,,,,,,,,,,,,,,,,,,,,,,,,,,,,,,,,,,,,,,,,,,,,,,,,,,,,,,,,,,,,,,,,,,,,,,,,,,,,,,,,,,,,,,,,,,,,,,
,"Read Speed: Normal,  Delay: 100 msec,  Measurements/Data Point: 8",,,,,,,,,,,,,,,,,,,,,,,,,,,,,,,,,,,,,,,,,,,,,,,,,,,,,,,,,,,,,,,,,,,,,,,,,,,,,,,,,,,,,,,,,,,,,,,,
End Kinetic,,,,,,,,,,,,,,,,,,,,,,,,,,,,,,,,,,,,,,,,,,,,,,,,,,,,,,,,,,,,,,,,,,,,,,,,,,,,,,,,,,,,,,,,,,,,,,,,,
,,,,,,,,,,,,,,,,,,,,,,,,,,,,,,,,,,,,,,,,,,,,,,,,,,,,,,,,,,,,,,,,,,,,,,,,,,,,,,,,,,,,,,,,,,,,,,,,,
Results,,,,,,,,,,,,,,,,,,,,,,,,,,,,,,,,,,,,,,,,,,,,,,,,,,,,,,,,,,,,,,,,,,,,,,,,,,,,,,,,,,,,,,,,,,,,,,,,,
Actual Temperature:,37,,,,,,,,,,,,,,,,,,,,,,,,,,,,,,,,,,,,,,,,,,,,,,,,,,,,,,,,,,,,,,,,,,,,,,,,,,,,,,,,,,,,,,,,,,,,,,,,
,,,,,,,,,,,,,,,,,,,,,,,,,,,,,,,,,,,,,,,,,,,,,,,,,,,,,,,,,,,,,,,,,,,,,,,,,,,,,,,,,,,,,,,,,,,,,,,,,
,1,2,3,4,5,6,7,8,9,10,11,12,,,,,,,,,,,,,,,,,,,,,,,,,,,,,,,,,,,,,,,,,,,,,,,,,,,,,,,,,,,,,,,,,,,,,,,,,,,,,,,,,,,,,
A,0.135,0.136,0.126,0.131,0.132,0.126,0.132,0.134,0.131,0.118,0.124,0.123,Read 1:600,,,,,,,,,,,,,,,,,,,,,,,,,,,,,,,,,,,,,,,,,,,,,,,,,,,,,,,,,,,,,,,,,,,,,,,,,,,,,,,,,,,,
B,0.125,0.14,0.13,0.129,0.13,0.14,0.128,0.142,0.139,0.116,0.13,0.123,Read 1:600,,,,,,,,,,,,,,,,,,,,,,,,,,,,,,,,,,,,,,,,,,,,,,,,,,,,,,,,,,,,,,,,,,,,,,,,,,,,,,,,,,,,
C,0.13,0.137,0.131,0.13,0.137,0.139,0.131,0.143,0.139,0.125,0.121,0.126,Read 1:600,,,,,,,,,,,,,,,,,,,,,,,,,,,,,,,,,,,,,,,,,,,,,,,,,,,,,,,,,,,,,,,,,,,,,,,,,,,,,,,,,,,,
D,0.133,0.131,0.139,0.122,0.136,0.138,0.127,0.135,0.138,0.127,0.122,0.122,Read 1:600,,,,,,,,,,,,,,,,,,,,,,,,,,,,,,,,,,,,,,,,,,,,,,,,,,,,,,,,,,,,,,,,,,,,,,,,,,,,,,,,,,,,
E,0.142,0.138,0.139,0.137,0.15,0.136,0.128,0.152,0.137,0.126,0.129,0.125,Read 1:600,,,,,,,,,,,,,,,,,,,,,,,,,,,,,,,,,,,,,,,,,,,,,,,,,,,,,,,,,,,,,,,,,,,,,,,,,,,,,,,,,,,,
F,0.132,0.14,0.13,0.139,0.132,0.128,0.129,0.128,0.132,0.124,0.136,0.124,Read 1:600,,,,,,,,,,,,,,,,,,,,,,,,,,,,,,,,,,,,,,,,,,,,,,,,,,,,,,,,,,,,,,,,,,,,,,,,,,,,,,,,,,,,
G,0.136,0.131,0.137,0.14,0.13,0.147,0.139,0.141,0.131,0.137,0.126,0.124,Read 1:600,,,,,,,,,,,,,,,,,,,,,,,,,,,,,,,,,,,,,,,,,,,,,,,,,,,,,,,,,,,,,,,,,,,,,,,,,,,,,,,,,,,,
H,0.135,0.142,0.132,0.137,0.136,0.142,0.129,0.135,0.133,0.122,0.12,0.114,Read 1:600,,,,,,,,,,,,,,,,,,,,,,,,,,,,,,,,,,,,,,,,,,,,,,,,,,,,,,,,,,,,,,,,,,,,,,,,,,,,,,,,,,,,
,,,,,,,,,,,,,,,,,,,,,,,,,,,,,,,,,,,,,,,,,,,,,,,,,,,,,,,,,,,,,,,,,,,,,,,,,,,,,,,,,,,,,,,,,,,,,,,,,
,,,,,,,,,,,,,,,,,,,,,,,,,,,,,,,,,,,,,,,,,,,,,,,,,,,,,,,,,,,,,,,,,,,,,,,,,,,,,,,,,,,,,,,,,,,,,,,,,
,,,,,,,,,,,,,,,,,,,,,,,,,,,,,,,,,,,,,,,,,,,,,,,,,,,,,,,,,,,,,,,,,,,,,,,,,,,,,,,,,,,,,,,,,,,,,,,,,
Time,T¡ Read 2:600,A1,A2,A3,A4,A5,A6,A7,A8,A9,A10,A11,A12,B1,B2,B3,B4,B5,B6,B7,B8,B9,B10,B11,B12,C1,C2,C3,C4,C5,C6,C7,C8,C9,C10,C11,C12,D1,D2,D3,D4,D5,D6,D7,D8,D9,D10,D11,D12,E1,E2,E3,E4,E5,E6,E7,E8,E9,E10,E11,E12,F1,F2,F3,F4,F5,F6,F7,F8,F9,F10,F11,F12,G1,G2,G3,G4,G5,G6,G7,G8,G9,G10,G11,G12,H1,H2,H3,H4,H5,H6,H7,H8,H9,H10,H11,H12
0:29:10,37,0.136,0.139,0.13,0.134,0.135,0.132,0.135,0.139,0.134,0.118,0.122,0.12,0.13,0.134,0.134,0.133,0.136,0.129,0.129,0.144,0.137,0.116,0.124,0.12,0.133,0.144,0.135,0.132,0.138,0.133,0.137,0.147,0.14,0.12,0.116,0.124,0.133,0.138,0.141,0.129,0.131,0.136,0.135,0.14,0.144,0.123,0.117,0.122,0.139,0.134,0.138,0.141,0.149,0.141,0.133,0.145,0.14,0.122,0.119,0.117,0.136,0.141,0.137,0.142,0.14,0.135,0.135,0.134,0.141,0.12,0.128,0.12,0.139,0.134,0.138,0.139,0.137,0.144,0.146,0.147,0.133,0.128,0.117,0.12,0.138,0.146,0.136,0.136,0.143,0.143,0.135,0.141,0.137,0.117,0.12,0.113
0:59:10,37,0.138,0.141,0.132,0.136,0.136,0.134,0.137,0.14,0.135,0.12,0.126,0.123,0.135,0.141,0.139,0.137,0.138,0.134,0.133,0.146,0.14,0.12,0.127,0.124,0.137,0.148,0.139,0.136,0.141,0.138,0.14,0.147,0.143,0.123,0.12,0.128,0.137,0.142,0.152,0.133,0.137,0.145,0.139,0.143,0.152,0.123,0.117,0.122,0.144,0.139,0.143,0.143,0.151,0.144,0.138,0.148,0.145,0.122,0.119,0.117,0.142,0.147,0.142,0.145,0.146,0.14,0.14,0.139,0.145,0.12,0.128,0.119,0.143,0.138,0.142,0.143,0.141,0.147,0.148,0.15,0.137,0.127,0.117,0.119,0.143,0.153,0.141,0.141,0.147,0.147,0.141,0.148,0.142,0.117,0.119,0.113
1:29:10,37,0.141,0.144,0.135,0.139,0.139,0.137,0.14,0.143,0.138,0.12,0.125,0.122,0.14,0.145,0.144,0.141,0.143,0.138,0.138,0.149,0.144,0.118,0.128,0.124,0.141,0.153,0.144,0.141,0.145,0.142,0.145,0.151,0.147,0.124,0.119,0.127,0.142,0.148,0.162,0.139,0.144,0.155,0.145,0.147,0.159,0.123,0.116,0.121,0.149,0.145,0.148,0.148,0.155,0.149,0.144,0.153,0.151,0.121,0.118,0.117,0.148,0.154,0.148,0.149,0.151,0.147,0.147,0.146,0.153,0.12,0.128,0.118,0.148,0.144,0.147,0.148,0.147,0.152,0.151,0.154,0.144,0.126,0.117,0.119,0.148,0.158,0.146,0.147,0.153,0.153,0.149,0.155,0.149,0.117,0.119,0.113
1:59:10,37,0.144,0.147,0.139,0.143,0.143,0.142,0.143,0.146,0.142,0.119,0.125,0.122,0.144,0.15,0.15,0.148,0.148,0.143,0.143,0.152,0.148,0.118,0.128,0.124,0.146,0.158,0.15,0.147,0.151,0.147,0.151,0.155,0.152,0.124,0.119,0.127,0.15,0.156,0.172,0.148,0.153,0.166,0.154,0.151,0.167,0.123,0.117,0.121,0.156,0.153,0.156,0.152,0.16,0.154,0.153,0.158,0.161,0.121,0.118,0.116,0.159,0.165,0.159,0.157,0.157,0.159,0.158,0.158,0.164,0.12,0.128,0.118,0.157,0.153,0.154,0.157,0.156,0.158,0.156,0.158,0.155,0.126,0.117,0.119,0.156,0.167,0.155,0.157,0.163,0.16,0.16,0.167,0.161,0.117,0.119,0.114
2:29:10,37.1,0.148,0.151,0.143,0.147,0.148,0.149,0.147,0.15,0.146,0.119,0.125,0.122,0.153,0.159,0.159,0.157,0.155,0.151,0.152,0.156,0.152,0.118,0.127,0.124,0.153,0.166,0.159,0.156,0.16,0.156,0.159,0.161,0.158,0.124,0.119,0.127,0.164,0.17,0.188,0.162,0.167,0.184,0.168,0.159,0.18,0.122,0.119,0.121,0.167,0.164,0.167,0.158,0.166,0.161,0.164,0.164,0.173,0.121,0.118,0.116,0.175,0.18,0.174,0.165,0.166,0.175,0.173,0.173,0.179,0.12,0.128,0.118,0.171,0.166,0.164,0.17,0.17,0.167,0.162,0.165,0.171,0.126,0.117,0.118,0.168,0.179,0.167,0.17,0.175,0.17,0.173,0.181,0.177,0.117,0.119,0.114
2:59:10,37,0.153,0.155,0.147,0.153,0.152,0.156,0.151,0.154,0.15,0.119,0.125,0.122,0.163,0.17,0.171,0.169,0.164,0.16,0.162,0.16,0.156,0.118,0.127,0.124,0.162,0.174,0.169,0.167,0.172,0.166,0.169,0.168,0.165,0.124,0.119,0.127,0.183,0.189,0.211,0.183,0.186,0.207,0.187,0.167,0.198,0.122,0.119,0.121,0.18,0.178,0.179,0.163,0.173,0.167,0.176,0.169,0.187,0.121,0.118,0.116,0.195,0.201,0.194,0.176,0.177,0.197,0.193,0.193,0.2,0.119,0.128,0.118,0.191,0.182,0.177,0.188,0.189,0.178,0.171,0.172,0.194,0.126,0.116,0.118,0.183,0.196,0.18,0.186,0.193,0.183,0.191,0.2,0.199,0.117,0.119,0.113
3:29:10,37,0.157,0.159,0.152,0.159,0.157,0.163,0.154,0.157,0.153,0.119,0.125,0.122,0.175,0.183,0.185,0.184,0.177,0.171,0.175,0.165,0.161,0.118,0.127,0.124,0.171,0.183,0.181,0.179,0.185,0.177,0.179,0.176,0.172,0.124,0.118,0.127,0.211,0.216,0.241,0.213,0.214,0.239,0.215,0.18,0.224,0.122,0.119,0.121,0.196,0.194,0.195,0.171,0.183,0.176,0.193,0.177,0.204,0.121,0.118,0.116,0.223,0.228,0.221,0.19,0.191,0.225,0.218,0.219,0.226,0.119,0.127,0.118,0.22,0.206,0.195,0.214,0.219,0.196,0.183,0.185,0.227,0.126,0.116,0.118,0.202,0.218,0.197,0.205,0.217,0.2,0.213,0.223,0.226,0.117,0.119,0.113
3:59:10,37,0.162,0.163,0.156,0.165,0.163,0.171,0.158,0.161,0.156,0.119,0.124,0.121,0.193,0.199,0.205,0.206,0.195,0.186,0.193,0.171,0.167,0.118,0.127,0.124,0.183,0.195,0.196,0.195,0.202,0.192,0.194,0.188,0.182,0.124,0.118,0.126,0.245,0.248,0.277,0.249,0.245,0.276,0.249,0.195,0.257,0.122,0.118,0.12,0.213,0.212,0.213,0.18,0.196,0.189,0.211,0.187,0.223,0.121,0.118,0.116,0.254,0.26,0.254,0.21,0.211,0.259,0.25,0.252,0.26,0.119,0.127,0.118,0.254,0.234,0.217,0.246,0.254,0.217,0.198,0.2,0.265,0.125,0.116,0.118,0.228,0.248,0.218,0.232,0.248,0.225,0.241,0.253,0.26,0.117,0.119,0.113
4:29:10,37.1,0.167,0.167,0.161,0.171,0.168,0.178,0.161,0.163,0.158,0.119,0.124,0.121,0.213,0.219,0.228,0.23,0.218,0.204,0.214,0.179,0.174,0.118,0.127,0.124,0.197,0.209,0.214,0.212,0.22,0.209,0.21,0.204,0.193,0.124,0.118,0.126,0.284,0.285,0.317,0.291,0.283,0.317,0.288,0.212,0.293,0.122,0.118,0.12,0.228,0.229,0.231,0.194,0.212,0.206,0.23,0.2,0.243,0.121,0.118,0.116,0.286,0.293,0.287,0.237,0.238,0.294,0.286,0.29,0.297,0.119,0.127,0.117,0.294,0.267,0.245,0.282,0.294,0.245,0.217,0.218,0.308,0.125,0.116,0.118,0.259,0.281,0.245,0.264,0.283,0.257,0.272,0.285,0.298,0.117,0.119,0.113
4:59:10,37.1,0.171,0.171,0.165,0.177,0.173,0.184,0.164,0.166,0.16,0.119,0.124,0.121,0.232,0.236,0.25,0.252,0.243,0.222,0.235,0.188,0.183,0.118,0.126,0.123,0.212,0.222,0.23,0.228,0.236,0.225,0.225,0.221,0.206,0.124,0.118,0.126,0.321,0.322,0.355,0.333,0.32,0.357,0.329,0.231,0.333,0.121,0.118,0.12,0.242,0.246,0.247,0.209,0.232,0.227,0.248,0.215,0.262,0.121,0.117,0.116,0.316,0.323,0.319,0.268,0.271,0.326,0.32,0.324,0.33,0.119,0.127,0.117,0.333,0.302,0.275,0.318,0.335,0.278,0.238,0.239,0.35,0.125,0.116,0.118,0.29,0.314,0.273,0.295,0.318,0.291,0.304,0.315,0.334,0.117,0.118,0.113
5:29:10,37,0.176,0.176,0.17,0.183,0.178,0.191,0.168,0.169,0.162,0.119,0.123,0.121,0.25,0.253,0.273,0.274,0.268,0.242,0.257,0.198,0.197,0.118,0.126,0.123,0.228,0.234,0.246,0.243,0.253,0.239,0.242,0.238,0.221,0.124,0.118,0.126,0.355,0.355,0.392,0.372,0.355,0.394,0.37,0.248,0.372,0.121,0.118,0.12,0.26,0.261,0.264,0.23,0.254,0.251,0.266,0.233,0.279,0.121,0.117,0.116,0.344,0.351,0.348,0.301,0.303,0.354,0.349,0.355,0.362,0.119,0.127,0.117,0.369,0.334,0.304,0.35,0.376,0.309,0.259,0.26,0.395,0.125,0.116,0.118,0.32,0.346,0.3,0.325,0.351,0.324,0.333,0.34,0.369,0.117,0.118,0.113
5:59:10,37,0.181,0.18,0.175,0.189,0.184,0.198,0.171,0.172,0.164,0.119,0.123,0.121,0.269,0.269,0.297,0.297,0.294,0.261,0.281,0.212,0.214,0.118,0.126,0.123,0.244,0.247,0.262,0.258,0.268,0.254,0.259,0.256,0.236,0.124,0.118,0.126,0.39,0.386,0.427,0.412,0.389,0.429,0.41,0.261,0.409,0.121,0.118,0.12,0.276,0.278,0.281,0.254,0.278,0.275,0.284,0.256,0.297,0.121,0.117,0.116,0.373,0.38,0.377,0.333,0.336,0.385,0.38,0.388,0.395,0.119,0.127,0.117,0.404,0.362,0.331,0.381,0.415,0.336,0.278,0.277,0.438,0.125,0.116,0.118,0.344,0.375,0.325,0.354,0.383,0.353,0.363,0.368,0.407,0.117,0.118,0.113
6:29:10,37.1,0.186,0.185,0.18,0.195,0.189,0.204,0.174,0.175,0.167,0.119,0.123,0.121,0.287,0.284,0.32,0.317,0.317,0.28,0.304,0.227,0.234,0.118,0.126,0.123,0.258,0.259,0.277,0.271,0.283,0.267,0.275,0.271,0.254,0.124,0.118,0.126,0.418,0.409,0.456,0.446,0.417,0.46,0.444,0.27,0.443,0.121,0.118,0.12,0.291,0.294,0.297,0.278,0.3,0.296,0.299,0.279,0.313,0.121,0.117,0.116,0.401,0.407,0.406,0.364,0.365,0.414,0.408,0.421,0.424,0.119,0.127,0.117,0.433,0.386,0.352,0.405,0.448,0.356,0.294,0.289,0.476,0.125,0.116,0.118,0.37,0.406,0.35,0.379,0.414,0.38,0.391,0.395,0.446,0.117,0.119,0.113
6:59:10,37,0.19,0.19,0.185,0.201,0.194,0.21,0.177,0.179,0.17,0.119,0.123,0.121,0.302,0.298,0.341,0.337,0.338,0.297,0.327,0.243,0.256,0.118,0.126,0.123,0.271,0.269,0.29,0.283,0.295,0.278,0.289,0.285,0.27,0.124,0.118,0.126,0.442,0.426,0.481,0.474,0.438,0.486,0.475,0.273,0.469,0.121,0.118,0.12,0.307,0.31,0.313,0.301,0.32,0.318,0.315,0.299,0.329,0.12,0.117,0.116,0.426,0.433,0.435,0.393,0.391,0.445,0.439,0.452,0.455,0.119,0.127,0.117,0.455,0.402,0.367,0.425,0.474,0.359,0.307,0.298,0.508,0.125,0.116,0.117,0.393,0.434,0.375,0.406,0.446,0.407,0.418,0.424,0.482,0.117,0.119,0.112
7:29:10,37,0.195,0.195,0.19,0.206,0.199,0.215,0.181,0.182,0.172,0.12,0.123,0.12,0.317,0.311,0.359,0.354,0.355,0.312,0.347,0.26,0.276,0.118,0.126,0.123,0.283,0.28,0.302,0.295,0.307,0.289,0.302,0.298,0.285,0.124,0.118,0.125,0.461,0.436,0.502,0.497,0.455,0.507,0.498,0.265,0.486,0.121,0.117,0.12,0.321,0.325,0.328,0.321,0.336,0.328,0.33,0.317,0.344,0.12,0.117,0.116,0.45,0.459,0.461,0.416,0.411,0.475,0.466,0.479,0.482,0.119,0.126,0.117,0.475,0.413,0.376,0.44,0.493,0.365,0.316,0.303,0.531,0.125,0.116,0.117,0.415,0.46,0.397,0.433,0.471,0.432,0.444,0.451,0.514,0.117,0.119,0.112
7:59:10,37.1,0.2,0.2,0.195,0.212,0.205,0.22,0.185,0.185,0.175,0.12,0.122,0.12,0.33,0.321,0.377,0.372,0.371,0.326,0.366,0.275,0.294,0.118,0.126,0.123,0.294,0.289,0.313,0.304,0.317,0.298,0.314,0.31,0.299,0.124,0.118,0.125,0.479,0.447,0.522,0.519,0.466,0.528,0.521,0.274,0.505,0.12,0.117,0.12,0.336,0.341,0.345,0.339,0.35,0.337,0.344,0.334,0.359,0.12,0.117,0.116,0.473,0.482,0.487,0.438,0.431,0.504,0.49,0.504,0.507,0.118,0.126,0.117,0.491,0.425,0.39,0.453,0.512,0.374,0.321,0.306,0.554,0.125,0.115,0.117,0.437,0.483,0.417,0.454,0.497,0.456,0.47,0.479,0.543,0.117,0.119,0.112
8:29:10,37,0.205,0.204,0.201,0.218,0.21,0.227,0.189,0.188,0.18,0.12,0.122,0.12,0.343,0.335,0.394,0.389,0.385,0.337,0.383,0.29,0.31,0.118,0.126,0.123,0.304,0.3,0.324,0.314,0.325,0.307,0.324,0.319,0.31,0.124,0.118,0.125,0.495,0.455,0.54,0.539,0.478,0.547,0.542,0.286,0.519,0.121,0.117,0.12,0.35,0.357,0.36,0.354,0.365,0.348,0.359,0.349,0.374,0.12,0.117,0.115,0.495,0.507,0.509,0.457,0.446,0.526,0.514,0.528,0.531,0.118,0.126,0.117,0.507,0.434,0.401,0.466,0.529,0.382,0.328,0.312,0.574,0.124,0.116,0.118,0.458,0.504,0.437,0.475,0.517,0.476,0.491,0.5,0.565,0.117,0.119,0.112
8:59:10,37,0.211,0.21,0.206,0.224,0.216,0.233,0.193,0.192,0.184,0.12,0.122,0.12,0.354,0.345,0.409,0.403,0.397,0.348,0.399,0.304,0.323,0.118,0.125,0.122,0.313,0.307,0.333,0.322,0.334,0.315,0.332,0.329,0.32,0.124,0.118,0.125,0.507,0.461,0.556,0.556,0.487,0.564,0.56,0.3,0.533,0.12,0.117,0.119,0.363,0.372,0.374,0.366,0.378,0.36,0.374,0.359,0.389,0.12,0.117,0.115,0.515,0.526,0.529,0.471,0.46,0.552,0.534,0.549,0.552,0.118,0.126,0.117,0.519,0.441,0.409,0.475,0.542,0.39,0.333,0.317,0.591,0.124,0.115,0.118,0.475,0.52,0.454,0.493,0.533,0.493,0.506,0.519,0.586,0.116,0.119,0.112
9:29:10,37,0.217,0.216,0.212,0.231,0.223,0.24,0.199,0.195,0.19,0.12,0.122,0.12,0.366,0.355,0.423,0.418,0.408,0.359,0.415,0.318,0.335,0.118,0.125,0.122,0.321,0.313,0.342,0.328,0.341,0.323,0.34,0.336,0.33,0.124,0.118,0.125,0.52,0.467,0.572,0.573,0.498,0.581,0.578,0.312,0.548,0.12,0.117,0.119,0.378,0.387,0.389,0.379,0.391,0.374,0.389,0.371,0.405,0.12,0.117,0.115,0.531,0.547,0.549,0.485,0.474,0.576,0.553,0.568,0.57,0.118,0.126,0.117,0.53,0.449,0.419,0.482,0.556,0.399,0.345,0.323,0.607,0.124,0.115,0.118,0.49,0.536,0.469,0.509,0.548,0.511,0.523,0.535,0.603,0.117,0.119,0.112
9:59:10,37,0.222,0.222,0.219,0.237,0.23,0.246,0.204,0.2,0.195,0.12,0.121,0.12,0.372,0.364,0.437,0.432,0.415,0.366,0.428,0.33,0.344,0.118,0.125,0.122,0.327,0.32,0.35,0.335,0.347,0.329,0.346,0.344,0.336,0.123,0.118,0.124,0.527,0.47,0.581,0.584,0.501,0.594,0.59,0.324,0.56,0.12,0.117,0.119,0.391,0.402,0.402,0.39,0.403,0.386,0.403,0.382,0.42,0.12,0.117,0.115,0.546,0.564,0.562,0.495,0.483,0.596,0.569,0.584,0.587,0.118,0.126,0.117,0.535,0.453,0.425,0.485,0.565,0.406,0.358,0.327,0.619,0.124,0.115,0.118,0.503,0.546,0.482,0.522,0.559,0.522,0.536,0.551,0.618,0.117,0.119,0.112
10:29:10,37.1,0.228,0.228,0.225,0.244,0.236,0.252,0.209,0.203,0.2,0.12,0.121,0.12,0.378,0.371,0.447,0.443,0.422,0.373,0.437,0.337,0.348,0.118,0.125,0.122,0.333,0.325,0.358,0.34,0.353,0.334,0.352,0.35,0.342,0.123,0.118,0.124,0.53,0.473,0.59,0.596,0.507,0.605,0.601,0.335,0.568,0.12,0.116,0.119,0.403,0.415,0.417,0.402,0.416,0.4,0.417,0.393,0.433,0.12,0.117,0.115,0.558,0.578,0.575,0.505,0.49,0.612,0.584,0.598,0.601,0.118,0.126,0.117,0.539,0.457,0.428,0.488,0.572,0.412,0.373,0.332,0.63,0.124,0.115,0.117,0.513,0.556,0.495,0.533,0.569,0.533,0.548,0.567,0.632,0.116,0.119,0.112
10:59:10,37,0.234,0.234,0.232,0.252,0.243,0.26,0.215,0.208,0.207,0.12,0.121,0.119,0.384,0.378,0.458,0.456,0.425,0.38,0.448,0.343,0.356,0.118,0.125,0.122,0.338,0.331,0.364,0.345,0.358,0.339,0.357,0.355,0.347,0.123,0.118,0.124,0.535,0.475,0.598,0.604,0.508,0.614,0.614,0.346,0.582,0.12,0.116,0.119,0.415,0.428,0.43,0.414,0.429,0.413,0.431,0.406,0.449,0.12,0.117,0.115,0.57,0.592,0.589,0.516,0.498,0.63,0.596,0.614,0.616,0.118,0.126,0.117,0.544,0.462,0.431,0.489,0.581,0.421,0.388,0.339,0.642,0.124,0.115,0.117,0.523,0.567,0.504,0.544,0.579,0.545,0.563,0.583,0.646,0.116,0.119,0.112
11:29:10,37.1,0.24,0.24,0.239,0.259,0.25,0.267,0.221,0.212,0.215,0.119,0.12,0.119,0.389,0.384,0.468,0.467,0.43,0.387,0.457,0.35,0.362,0.118,0.124,0.121,0.341,0.336,0.37,0.351,0.362,0.344,0.361,0.36,0.353,0.123,0.117,0.124,0.536,0.478,0.605,0.614,0.508,0.62,0.625,0.357,0.587,0.12,0.116,0.119,0.428,0.44,0.442,0.425,0.441,0.422,0.444,0.417,0.462,0.12,0.117,0.115,0.579,0.603,0.602,0.521,0.504,0.643,0.608,0.625,0.628,0.118,0.126,0.116,0.545,0.465,0.433,0.49,0.587,0.426,0.402,0.345,0.648,0.124,0.115,0.117,0.53,0.573,0.512,0.551,0.586,0.551,0.572,0.596,0.657,0.116,0.119,0.112
11:59:10,37,0.248,0.248,0.247,0.268,0.259,0.276,0.228,0.218,0.223,0.119,0.12,0.119,0.397,0.389,0.482,0.482,0.437,0.401,0.466,0.357,0.372,0.118,0.124,0.121,0.346,0.34,0.376,0.354,0.367,0.348,0.366,0.365,0.358,0.123,0.117,0.124,0.537,0.479,0.611,0.624,0.513,0.626,0.636,0.368,0.599,0.12,0.116,0.119,0.44,0.452,0.455,0.437,0.454,0.436,0.457,0.428,0.475,0.12,0.117,0.115,0.587,0.615,0.611,0.527,0.509,0.657,0.618,0.636,0.64,0.118,0.126,0.116,0.546,0.469,0.436,0.491,0.594,0.432,0.419,0.355,0.659,0.124,0.115,0.117,0.537,0.579,0.519,0.559,0.592,0.559,0.585,0.609,0.67,0.116,0.118,0.112
12:29:10,37.1,0.254,0.256,0.254,0.277,0.267,0.284,0.235,0.223,0.231,0.119,0.12,0.119,0.404,0.396,0.494,0.494,0.441,0.412,0.474,0.362,0.38,0.118,0.124,0.121,0.349,0.344,0.381,0.357,0.369,0.351,0.37,0.368,0.362,0.122,0.117,0.123,0.536,0.482,0.611,0.628,0.514,0.63,0.647,0.38,0.606,0.12,0.116,0.119,0.449,0.463,0.465,0.447,0.465,0.445,0.469,0.438,0.488,0.12,0.116,0.115,0.593,0.628,0.618,0.532,0.514,0.666,0.627,0.646,0.65,0.118,0.125,0.116,0.544,0.477,0.436,0.491,0.598,0.438,0.437,0.367,0.671,0.124,0.115,0.117,0.54,0.583,0.522,0.563,0.595,0.564,0.595,0.62,0.679,0.117,0.118,0.112
12:59:10,37,0.261,0.263,0.261,0.284,0.274,0.292,0.243,0.229,0.239,0.119,0.12,0.119,0.409,0.402,0.505,0.504,0.445,0.424,0.484,0.367,0.386,0.118,0.124,0.121,0.351,0.347,0.383,0.36,0.372,0.353,0.371,0.371,0.365,0.122,0.117,0.123,0.534,0.484,0.611,0.632,0.513,0.631,0.652,0.389,0.611,0.119,0.116,0.119,0.459,0.472,0.474,0.457,0.475,0.455,0.48,0.448,0.498,0.12,0.116,0.115,0.598,0.635,0.624,0.536,0.517,0.676,0.633,0.655,0.657,0.118,0.125,0.116,0.543,0.482,0.438,0.491,0.6,0.443,0.452,0.377,0.675,0.124,0.115,0.117,0.543,0.588,0.526,0.566,0.599,0.568,0.603,0.627,0.685,0.116,0.118,0.112
13:29:10,37,0.268,0.272,0.27,0.292,0.283,0.301,0.251,0.235,0.249,0.119,0.12,0.119,0.413,0.411,0.515,0.516,0.452,0.435,0.493,0.373,0.398,0.117,0.123,0.121,0.355,0.35,0.388,0.362,0.374,0.356,0.375,0.374,0.369,0.122,0.117,0.123,0.532,0.488,0.613,0.638,0.516,0.634,0.661,0.403,0.62,0.119,0.115,0.119,0.467,0.481,0.484,0.467,0.486,0.464,0.489,0.458,0.509,0.12,0.116,0.115,0.602,0.646,0.631,0.541,0.52,0.686,0.638,0.661,0.665,0.118,0.126,0.116,0.543,0.495,0.44,0.492,0.606,0.45,0.471,0.394,0.687,0.123,0.115,0.117,0.546,0.59,0.528,0.57,0.6,0.573,0.612,0.635,0.692,0.116,0.118,0.112
13:59:10,37,0.276,0.279,0.278,0.301,0.291,0.309,0.26,0.242,0.259,0.119,0.12,0.118,0.42,0.424,0.528,0.525,0.457,0.448,0.502,0.378,0.409,0.117,0.123,0.12,0.356,0.354,0.393,0.364,0.377,0.358,0.377,0.377,0.372,0.121,0.117,0.123,0.536,0.495,0.616,0.646,0.518,0.64,0.668,0.416,0.629,0.119,0.115,0.119,0.475,0.489,0.49,0.476,0.496,0.472,0.499,0.466,0.518,0.119,0.116,0.115,0.607,0.656,0.635,0.544,0.524,0.699,0.642,0.668,0.674,0.118,0.125,0.116,0.543,0.509,0.442,0.493,0.61,0.455,0.49,0.407,0.697,0.123,0.115,0.117,0.548,0.591,0.53,0.572,0.601,0.577,0.618,0.643,0.699,0.116,0.118,0.112
14:29:10,37.1,0.283,0.286,0.287,0.309,0.299,0.318,0.267,0.247,0.268,0.118,0.12,0.118,0.426,0.428,0.537,0.532,0.46,0.46,0.51,0.384,0.423,0.117,0.122,0.12,0.358,0.357,0.396,0.366,0.378,0.36,0.379,0.379,0.373,0.121,0.117,0.122,0.533,0.503,0.618,0.65,0.518,0.64,0.677,0.426,0.637,0.119,0.115,0.119,0.481,0.495,0.498,0.484,0.505,0.48,0.507,0.476,0.527,0.119,0.116,0.116,0.609,0.665,0.642,0.548,0.525,0.706,0.645,0.672,0.679,0.118,0.125,0.116,0.544,0.526,0.443,0.494,0.616,0.46,0.503,0.424,0.708,0.123,0.114,0.117,0.55,0.593,0.532,0.573,0.604,0.581,0.625,0.649,0.704,0.116,0.118,0.112
14:59:10,37,0.29,0.294,0.293,0.317,0.306,0.325,0.276,0.255,0.278,0.118,0.119,0.118,0.43,0.437,0.546,0.54,0.464,0.472,0.517,0.386,0.435,0.117,0.122,0.12,0.36,0.36,0.401,0.367,0.38,0.362,0.381,0.381,0.375,0.121,0.117,0.122,0.533,0.514,0.617,0.649,0.52,0.64,0.68,0.441,0.642,0.119,0.115,0.118,0.487,0.501,0.504,0.494,0.514,0.488,0.513,0.487,0.534,0.119,0.116,0.116,0.611,0.673,0.645,0.552,0.526,0.716,0.648,0.677,0.684,0.118,0.125,0.116,0.544,0.544,0.446,0.494,0.624,0.465,0.519,0.438,0.715,0.123,0.114,0.117,0.551,0.593,0.534,0.575,0.606,0.583,0.632,0.655,0.707,0.116,0.118,0.112
15:29:10,37,0.295,0.301,0.3,0.323,0.313,0.332,0.284,0.26,0.286,0.118,0.119,0.118,0.434,0.445,0.555,0.547,0.469,0.481,0.526,0.393,0.445,0.117,0.122,0.12,0.361,0.363,0.404,0.369,0.381,0.361,0.381,0.382,0.377,0.12,0.117,0.122,0.534,0.522,0.617,0.653,0.521,0.643,0.688,0.455,0.651,0.118,0.115,0.118,0.494,0.505,0.51,0.501,0.519,0.494,0.524,0.497,0.54,0.119,0.116,0.117,0.614,0.68,0.647,0.554,0.528,0.723,0.649,0.679,0.689,0.118,0.125,0.116,0.544,0.557,0.447,0.495,0.633,0.468,0.532,0.454,0.723,0.123,0.114,0.117,0.553,0.596,0.535,0.577,0.606,0.585,0.636,0.66,0.711,0.116,0.118,0.112
15:59:10,37.1,0.301,0.308,0.308,0.33,0.32,0.339,0.292,0.268,0.295,0.118,0.119,0.118,0.439,0.453,0.563,0.553,0.472,0.5,0.534,0.393,0.458,0.117,0.122,0.12,0.362,0.368,0.406,0.37,0.382,0.363,0.383,0.383,0.38,0.12,0.117,0.122,0.533,0.538,0.619,0.657,0.526,0.644,0.699,0.468,0.663,0.118,0.115,0.118,0.499,0.511,0.515,0.509,0.529,0.5,0.529,0.504,0.548,0.119,0.116,0.119,0.616,0.688,0.65,0.558,0.531,0.732,0.651,0.683,0.693,0.118,0.125,0.116,0.545,0.576,0.451,0.496,0.644,0.474,0.547,0.468,0.737,0.123,0.114,0.117,0.555,0.597,0.538,0.577,0.606,0.588,0.645,0.667,0.714,0.116,0.117,0.112
16:29:10,37,0.306,0.316,0.313,0.337,0.326,0.346,0.299,0.274,0.305,0.118,0.119,0.117,0.442,0.46,0.573,0.561,0.475,0.513,0.54,0.397,0.47,0.116,0.121,0.12,0.364,0.37,0.41,0.372,0.384,0.365,0.385,0.385,0.38,0.12,0.116,0.122,0.533,0.551,0.62,0.659,0.529,0.647,0.705,0.478,0.674,0.118,0.115,0.118,0.503,0.518,0.52,0.516,0.536,0.507,0.537,0.511,0.555,0.119,0.116,0.121,0.619,0.695,0.653,0.561,0.532,0.739,0.653,0.685,0.696,0.118,0.124,0.116,0.546,0.589,0.453,0.498,0.649,0.478,0.562,0.482,0.747,0.123,0.114,0.117,0.556,0.598,0.538,0.579,0.608,0.591,0.65,0.673,0.718,0.116,0.117,0.112
16:59:10,37.1,0.311,0.321,0.32,0.343,0.331,0.352,0.305,0.281,0.312,0.117,0.119,0.117,0.45,0.47,0.578,0.569,0.477,0.523,0.548,0.402,0.48,0.116,0.121,0.119,0.364,0.374,0.413,0.374,0.384,0.366,0.386,0.387,0.379,0.12,0.116,0.122,0.534,0.573,0.622,0.668,0.533,0.654,0.715,0.499,0.693,0.118,0.115,0.118,0.513,0.523,0.529,0.523,0.542,0.514,0.545,0.518,0.561,0.119,0.116,0.124,0.623,0.701,0.66,0.565,0.534,0.744,0.655,0.687,0.699,0.117,0.124,0.116,0.547,0.605,0.456,0.5,0.672,0.482,0.575,0.496,0.762,0.123,0.114,0.117,0.557,0.601,0.538,0.58,0.607,0.594,0.655,0.677,0.721,0.116,0.117,0.112
17:29:10,37,0.315,0.327,0.326,0.347,0.336,0.357,0.312,0.288,0.321,0.117,0.119,0.117,0.451,0.477,0.587,0.58,0.479,0.536,0.554,0.405,0.49,0.116,0.121,0.119,0.366,0.377,0.416,0.374,0.384,0.368,0.388,0.387,0.381,0.119,0.116,0.121,0.535,0.589,0.623,0.667,0.536,0.655,0.726,0.512,0.706,0.118,0.114,0.118,0.514,0.528,0.534,0.528,0.548,0.52,0.55,0.525,0.568,0.118,0.116,0.127,0.623,0.707,0.662,0.568,0.535,0.751,0.655,0.688,0.701,0.117,0.124,0.116,0.548,0.618,0.457,0.503,0.678,0.488,0.587,0.506,0.775,0.123,0.114,0.117,0.559,0.602,0.541,0.581,0.609,0.594,0.661,0.683,0.725,0.116,0.117,0.112
17:59:10,37.1,0.318,0.334,0.331,0.352,0.342,0.363,0.318,0.295,0.329,0.117,0.119,0.117,0.456,0.483,0.591,0.581,0.483,0.548,0.557,0.414,0.5,0.115,0.12,0.119,0.367,0.381,0.418,0.374,0.387,0.369,0.388,0.389,0.382,0.119,0.115,0.121,0.534,0.606,0.624,0.671,0.539,0.659,0.73,0.535,0.721,0.117,0.114,0.118,0.524,0.533,0.542,0.534,0.554,0.525,0.556,0.53,0.571,0.118,0.115,0.131,0.625,0.712,0.669,0.571,0.537,0.757,0.657,0.69,0.704,0.117,0.123,0.116,0.55,0.631,0.462,0.505,0.696,0.493,0.599,0.518,0.791,0.123,0.114,0.117,0.56,0.604,0.543,0.582,0.612,0.598,0.667,0.689,0.727,0.116,0.117,0.112
18:29:10,37.1,0.322,0.338,0.335,0.356,0.345,0.366,0.322,0.298,0.336,0.116,0.119,0.117,0.454,0.492,0.599,0.591,0.483,0.56,0.564,0.419,0.506,0.115,0.119,0.118,0.368,0.384,0.419,0.375,0.387,0.37,0.388,0.391,0.383,0.119,0.115,0.121,0.538,0.619,0.625,0.673,0.541,0.665,0.745,0.545,0.731,0.117,0.114,0.118,0.525,0.537,0.547,0.538,0.558,0.528,0.561,0.535,0.576,0.118,0.115,0.136,0.629,0.715,0.669,0.574,0.538,0.761,0.658,0.69,0.707,0.117,0.123,0.116,0.549,0.638,0.462,0.506,0.713,0.498,0.61,0.525,0.801,0.123,0.114,0.117,0.56,0.605,0.542,0.583,0.612,0.597,0.67,0.693,0.729,0.115,0.117,0.112
,,,,,,,,,,,,,,,,,,,,,,,,,,,,,,,,,,,,,,,,,,,,,,,,,,,,,,,,,,,,,,,,,,,,,,,,,,,,,,,,,,,,,,,,,,,,,,,,,
,,,,,,,,,,,,,,,,,,,,,,,,,,,,,,,,,,,,,,,,,,,,,,,,,,,,,,,,,,,,,,,,,,,,,,,,,,,,,,,,,,,,,,,,,,,,,,,,,